Time,x86_pkg_temp
1717734251.000123906,55000
1717734252.000095121,53000
1717734253.000109220,45000
1717734254.000103684,42000
1717734255.000148456,42000
1717734256.000139768,42000
1717734257.000107465,42000
1717734258.000102067,42000
1717734259.000144672,42000
1717734260.000148683,43000
