Time,x86_pkg_temp
1717726090.283986449,57000
1717726090.284168060,57000
1717726090.284294214,57000
1717726090.284311092,57000
1717726090.284323761,57000
1717726090.284336728,57000
1717726090.284349525,57000
1717726090.284362331,57000
1717726090.284375937,57000
1717726090.284389693,57000
